"","JMMI","district_ID","governorate_ID","org","district_name","governorate_name","Date","org_num","geo"
"1","Apr 2019","YE2408","YE24","SCI","Khur Maksar","Aden",2019-04-01,1,"South"
"2","Apr 2019","YE2408","YE24","SCI","Khur Maksar","Aden",2019-04-01,1,"South"
"3","Apr 2019","YE2408","YE24","SCI","Khur Maksar","Aden",2019-04-01,1,"South"
"4","Apr 2019","YE2408","YE24","SCI","Khur Maksar","Aden",2019-04-01,1,"South"
"5","Apr 2019","YE2408","YE24","SCI","Khur Maksar","Aden",2019-04-01,1,"South"
"6","Apr 2019","YE2408","YE24","SCI","Khur Maksar","Aden",2019-04-01,1,"South"
"7","Apr 2019","YE2408","YE24","SCI","Khur Maksar","Aden",2019-04-01,1,"South"
"8","Apr 2019","YE2408","YE24","SCI","Khur Maksar","Aden",2019-04-01,1,"South"
"9","Apr 2019","YE2408","YE24","SCI","Khur Maksar","Aden",2019-04-01,1,"South"
"10","Apr 2019","YE2408","YE24","SCI","Khur Maksar","Aden",2019-04-01,1,"South"
"11","Apr 2019","YE2404","YE24","SCI","Al Buraiqeh","Aden",2019-04-01,1,"South"
"12","Apr 2019","YE2404","YE24","SCI","Al Buraiqeh","Aden",2019-04-01,1,"South"
"13","Apr 2019","YE2404","YE24","SCI","Al Buraiqeh","Aden",2019-04-01,1,"South"
"14","Apr 2019","YE2404","YE24","SCI","Al Buraiqeh","Aden",2019-04-01,1,"South"
"15","Apr 2019","YE2404","YE24","SCI","Al Buraiqeh","Aden",2019-04-01,1,"South"
"16","Apr 2019","YE2404","YE24","SCI","Al Buraiqeh","Aden",2019-04-01,1,"South"
"17","Apr 2019","YE2404","YE24","SCI","Al Buraiqeh","Aden",2019-04-01,1,"South"
"18","Apr 2019","YE2404","YE24","SCI","Al Buraiqeh","Aden",2019-04-01,1,"South"
"19","Apr 2019","YE2404","YE24","SCI","Al Buraiqeh","Aden",2019-04-01,1,"South"
"20","Apr 2019","YE2404","YE24","SCI","Al Buraiqeh","Aden",2019-04-01,1,"South"
"21","Apr 2019","YE2508","YE25","SCI","Al Milah","Lahj",2019-04-01,1,"South"
"22","Apr 2019","YE2508","YE25","SCI","Al Milah","Lahj",2019-04-01,1,"South"
"23","Apr 2019","YE2508","YE25","SCI","Al Milah","Lahj",2019-04-01,1,"South"
"24","Apr 2019","YE2515","YE25","SCI","Tuban","Lahj",2019-04-01,1,"South"
"25","Apr 2019","YE2515","YE25","SCI","Tuban","Lahj",2019-04-01,1,"South"
"26","Apr 2019","YE2515","YE25","SCI","Tuban","Lahj",2019-04-01,1,"South"
"27","Apr 2019","YE2515","YE25","SCI","Tuban","Lahj",2019-04-01,1,"South"
"28","Apr 2019","YE2515","YE25","SCI","Tuban","Lahj",2019-04-01,1,"South"
"29","Apr 2019","YE2515","YE25","SCI","Tuban","Lahj",2019-04-01,1,"South"
"30","Apr 2019","YE2515","YE25","SCI","Tuban","Lahj",2019-04-01,1,"South"
"31","Apr 2019","YE2515","YE25","SCI","Tuban","Lahj",2019-04-01,1,"South"
"32","Apr 2019","YE2515","YE25","SCI","Tuban","Lahj",2019-04-01,1,"South"
"33","Apr 2019","YE2515","YE25","SCI","Tuban","Lahj",2019-04-01,1,"South"
"34","Apr 2019","YE3201","YE32","ROC","Hidaybu","Socotra",2019-04-01,1,"South"
"35","Apr 2019","YE3201","YE32","ROC","Hidaybu","Socotra",2019-04-01,1,"South"
"36","Apr 2019","YE3201","YE32","ROC","Hidaybu","Socotra",2019-04-01,1,"South"
"37","Apr 2019","YE2113","YE21","DRC","Ataq","Shabwah",2019-04-01,1,"South"
"38","Apr 2019","YE2113","YE21","DRC","Ataq","Shabwah",2019-04-01,1,"South"
"39","Apr 2019","YE2113","YE21","DRC","Ataq","Shabwah",2019-04-01,1,"South"
"40","Apr 2019","YE2114","YE21","DRC","Habban","Shabwah",2019-04-01,1,"South"
"41","Apr 2019","YE2114","YE21","DRC","Habban","Shabwah",2019-04-01,1,"South"
"42","Apr 2019","YE2114","YE21","DRC","Habban","Shabwah",2019-04-01,1,"South"
"43","Aug 2019","YE2408","YE24","SCI","Khur Maksar","Aden",2019-08-01,1,"South"
"44","Aug 2019","YE2408","YE24","SCI","Khur Maksar","Aden",2019-08-01,1,"South"
"45","Aug 2019","YE2408","YE24","SCI","Khur Maksar","Aden",2019-08-01,1,"South"
"46","Aug 2019","YE2408","YE24","SCI","Khur Maksar","Aden",2019-08-01,1,"South"
"47","Aug 2019","YE2408","YE24","SCI","Khur Maksar","Aden",2019-08-01,1,"South"
"48","Aug 2019","YE2408","YE24","SCI","Khur Maksar","Aden",2019-08-01,1,"South"
"49","Aug 2019","YE2408","YE24","SCI","Khur Maksar","Aden",2019-08-01,1,"South"
"50","Aug 2019","YE2408","YE24","SCI","Khur Maksar","Aden",2019-08-01,1,"South"
"51","Aug 2019","YE2408","YE24","SCI","Khur Maksar","Aden",2019-08-01,1,"South"
"52","Aug 2019","YE2408","YE24","SCI","Khur Maksar","Aden",2019-08-01,1,"South"
"53","Aug 2019","YE2404","YE24","SCI","Al Buraiqeh","Aden",2019-08-01,1,"South"
"54","Aug 2019","YE2404","YE24","SCI","Al Buraiqeh","Aden",2019-08-01,1,"South"
"55","Aug 2019","YE2404","YE24","SCI","Al Buraiqeh","Aden",2019-08-01,1,"South"
"56","Aug 2019","YE2404","YE24","SCI","Al Buraiqeh","Aden",2019-08-01,1,"South"
"57","Aug 2019","YE2404","YE24","SCI","Al Buraiqeh","Aden",2019-08-01,1,"South"
"58","Aug 2019","YE2404","YE24","SCI","Al Buraiqeh","Aden",2019-08-01,1,"South"
"59","Aug 2019","YE2404","YE24","SCI","Al Buraiqeh","Aden",2019-08-01,1,"South"
"60","Aug 2019","YE2404","YE24","SCI","Al Buraiqeh","Aden",2019-08-01,1,"South"
"61","Aug 2019","YE2404","YE24","SCI","Al Buraiqeh","Aden",2019-08-01,1,"South"
"62","Aug 2019","YE2404","YE24","SCI","Al Buraiqeh","Aden",2019-08-01,1,"South"
"63","Aug 2019","YE2508","YE25","SCI","Al Milah","Lahj",2019-08-01,1,"South"
"64","Aug 2019","YE2508","YE25","SCI","Al Milah","Lahj",2019-08-01,1,"South"
"65","Aug 2019","YE2508","YE25","SCI","Al Milah","Lahj",2019-08-01,1,"South"
"66","Aug 2019","YE2515","YE25","SCI","Tuban","Lahj",2019-08-01,1,"South"
"67","Aug 2019","YE2515","YE25","SCI","Tuban","Lahj",2019-08-01,1,"South"
"68","Aug 2019","YE2515","YE25","SCI","Tuban","Lahj",2019-08-01,1,"South"
"69","Aug 2019","YE2515","YE25","SCI","Tuban","Lahj",2019-08-01,1,"South"
"70","Aug 2019","YE2515","YE25","SCI","Tuban","Lahj",2019-08-01,1,"South"
"71","Aug 2019","YE2515","YE25","SCI","Tuban","Lahj",2019-08-01,1,"South"
"72","Aug 2019","YE2515","YE25","SCI","Tuban","Lahj",2019-08-01,1,"South"
"73","Aug 2019","YE2515","YE25","SCI","Tuban","Lahj",2019-08-01,1,"South"
"74","Aug 2019","YE2515","YE25","SCI","Tuban","Lahj",2019-08-01,1,"South"
"75","Aug 2019","YE2515","YE25","SCI","Tuban","Lahj",2019-08-01,1,"South"
"76","Aug 2019","YE3201","YE32","ROC","Hidaybu","Socotra",2019-08-01,1,"South"
"77","Aug 2019","YE3201","YE32","ROC","Hidaybu","Socotra",2019-08-01,1,"South"
"78","Aug 2019","YE3201","YE32","ROC","Hidaybu","Socotra",2019-08-01,1,"South"
"79","Aug 2019","YE2113","YE21","DRC","Ataq","Shabwah",2019-08-01,1,"South"
"80","Aug 2019","YE2113","YE21","DRC","Ataq","Shabwah",2019-08-01,1,"South"
"81","Aug 2019","YE2113","YE21","DRC","Ataq","Shabwah",2019-08-01,1,"South"
"82","Aug 2019","YE2114","YE21","DRC","Habban","Shabwah",2019-08-01,1,"South"
"83","Aug 2019","YE2114","YE21","DRC","Habban","Shabwah",2019-08-01,1,"South"
"84","Aug 2019","YE2114","YE21","DRC","Habban","Shabwah",2019-08-01,1,"South"
"85","Dec 2018","YE2408","YE24","SCI","Khur Maksar","Aden",2018-12-01,1,"South"
"86","Dec 2018","YE2408","YE24","SCI","Khur Maksar","Aden",2018-12-01,1,"South"
"87","Dec 2018","YE2408","YE24","SCI","Khur Maksar","Aden",2018-12-01,1,"South"
"88","Dec 2018","YE2408","YE24","SCI","Khur Maksar","Aden",2018-12-01,1,"South"
"89","Dec 2018","YE2408","YE24","SCI","Khur Maksar","Aden",2018-12-01,1,"South"
"90","Dec 2018","YE2408","YE24","SCI","Khur Maksar","Aden",2018-12-01,1,"South"
"91","Dec 2018","YE2408","YE24","SCI","Khur Maksar","Aden",2018-12-01,1,"South"
"92","Dec 2018","YE2408","YE24","SCI","Khur Maksar","Aden",2018-12-01,1,"South"
"93","Dec 2018","YE2408","YE24","SCI","Khur Maksar","Aden",2018-12-01,1,"South"
"94","Dec 2018","YE2408","YE24","SCI","Khur Maksar","Aden",2018-12-01,1,"South"
"95","Dec 2018","YE2404","YE24","SCI","Al Buraiqeh","Aden",2018-12-01,1,"South"
"96","Dec 2018","YE2404","YE24","SCI","Al Buraiqeh","Aden",2018-12-01,1,"South"
"97","Dec 2018","YE2404","YE24","SCI","Al Buraiqeh","Aden",2018-12-01,1,"South"
"98","Dec 2018","YE2404","YE24","SCI","Al Buraiqeh","Aden",2018-12-01,1,"South"
"99","Dec 2018","YE2404","YE24","SCI","Al Buraiqeh","Aden",2018-12-01,1,"South"
"100","Dec 2018","YE2404","YE24","SCI","Al Buraiqeh","Aden",2018-12-01,1,"South"
"101","Dec 2018","YE2404","YE24","SCI","Al Buraiqeh","Aden",2018-12-01,1,"South"
"102","Dec 2018","YE2404","YE24","SCI","Al Buraiqeh","Aden",2018-12-01,1,"South"
"103","Dec 2018","YE2404","YE24","SCI","Al Buraiqeh","Aden",2018-12-01,1,"South"
"104","Dec 2018","YE2404","YE24","SCI","Al Buraiqeh","Aden",2018-12-01,1,"South"
"105","Dec 2018","YE2508","YE25","SCI","Al Milah","Lahj",2018-12-01,1,"South"
"106","Dec 2018","YE2508","YE25","SCI","Al Milah","Lahj",2018-12-01,1,"South"
"107","Dec 2018","YE2508","YE25","SCI","Al Milah","Lahj",2018-12-01,1,"South"
"108","Dec 2018","YE2515","YE25","SCI","Tuban","Lahj",2018-12-01,1,"South"
"109","Dec 2018","YE2515","YE25","SCI","Tuban","Lahj",2018-12-01,1,"South"
"110","Dec 2018","YE2515","YE25","SCI","Tuban","Lahj",2018-12-01,1,"South"
"111","Dec 2018","YE2515","YE25","SCI","Tuban","Lahj",2018-12-01,1,"South"
"112","Dec 2018","YE2515","YE25","SCI","Tuban","Lahj",2018-12-01,1,"South"
"113","Dec 2018","YE2515","YE25","SCI","Tuban","Lahj",2018-12-01,1,"South"
"114","Dec 2018","YE2515","YE25","SCI","Tuban","Lahj",2018-12-01,1,"South"
"115","Dec 2018","YE2515","YE25","SCI","Tuban","Lahj",2018-12-01,1,"South"
"116","Dec 2018","YE2515","YE25","SCI","Tuban","Lahj",2018-12-01,1,"South"
"117","Dec 2018","YE2515","YE25","SCI","Tuban","Lahj",2018-12-01,1,"South"
"118","Dec 2018","YE1204","YE12","B4D","Lawdar","Abyan",2018-12-01,1,"South"
"119","Dec 2018","YE1204","YE12","B4D","Lawdar","Abyan",2018-12-01,1,"South"
"120","Dec 2018","YE1204","YE12","B4D","Lawdar","Abyan",2018-12-01,1,"South"
"121","Dec 2018","YE1211","YE12","TYF","Khanfir","Abyan",2018-12-01,1,"South"
"122","Dec 2018","YE1211","YE12","TYF","Khanfir","Abyan",2018-12-01,1,"South"
"123","Dec 2018","YE1211","YE12","TYF","Khanfir","Abyan",2018-12-01,1,"South"
"124","Dec 2018","YE1211","YE12","TYF","Khanfir","Abyan",2018-12-01,1,"South"
"125","Dec 2018","YE1211","YE12","TYF","Khanfir","Abyan",2018-12-01,1,"South"
"126","Dec 2018","YE1211","YE12","TYF","Khanfir","Abyan",2018-12-01,1,"South"
"127","Dec 2018","YE1211","YE12","TYF","Khanfir","Abyan",2018-12-01,1,"South"
"128","Dec 2018","YE1211","YE12","TYF","Khanfir","Abyan",2018-12-01,1,"South"
"129","Dec 2018","YE1211","YE12","TYF","Khanfir","Abyan",2018-12-01,1,"South"
"130","Dec 2018","YE1211","YE12","TYF","Khanfir","Abyan",2018-12-01,1,"South"
"131","Dec 2018","YE1211","YE12","TYF","Khanfir","Abyan",2018-12-01,1,"South"
"132","Dec 2018","YE1211","YE12","TYF","Khanfir","Abyan",2018-12-01,1,"South"
"133","Dec 2018","YE1211","YE12","TYF","Khanfir","Abyan",2018-12-01,1,"South"
"134","Dec 2018","YE1211","YE12","TYF","Khanfir","Abyan",2018-12-01,1,"South"
"135","Dec 2018","YE1211","YE12","TYF","Khanfir","Abyan",2018-12-01,1,"South"
"136","Dec 2018","YE1211","YE12","TYF","Khanfir","Abyan",2018-12-01,1,"South"
"137","Dec 2018","YE1211","YE12","TYF","Khanfir","Abyan",2018-12-01,1,"South"
"138","Dec 2018","YE1211","YE12","TYF","Khanfir","Abyan",2018-12-01,1,"South"
"139","Dec 2018","YE3201","YE32","ROC","Hidaybu","Socotra",2018-12-01,1,"South"
"140","Dec 2018","YE3201","YE32","ROC","Hidaybu","Socotra",2018-12-01,1,"South"
"141","Dec 2018","YE3201","YE32","ROC","Hidaybu","Socotra",2018-12-01,1,"South"
"142","Dec 2019","YE2402","YE24","SCI","Ash Shaikh Outhman","Aden",2019-12-01,1,"South"
"143","Dec 2019","YE2402","YE24","SCI","Ash Shaikh Outhman","Aden",2019-12-01,1,"South"
"144","Dec 2019","YE2402","YE24","SCI","Ash Shaikh Outhman","Aden",2019-12-01,1,"South"
"145","Dec 2019","YE2402","YE24","SCI","Ash Shaikh Outhman","Aden",2019-12-01,1,"South"
"146","Dec 2019","YE2402","YE24","SCI","Ash Shaikh Outhman","Aden",2019-12-01,1,"South"
"147","Dec 2019","YE2402","YE24","SCI","Ash Shaikh Outhman","Aden",2019-12-01,1,"South"
"148","Dec 2019","YE2402","YE24","SCI","Ash Shaikh Outhman","Aden",2019-12-01,1,"South"
"149","Dec 2019","YE2402","YE24","SCI","Ash Shaikh Outhman","Aden",2019-12-01,1,"South"
"150","Dec 2019","YE2402","YE24","SCI","Ash Shaikh Outhman","Aden",2019-12-01,1,"South"
"151","Dec 2019","YE2402","YE24","SCI","Ash Shaikh Outhman","Aden",2019-12-01,1,"South"
"152","Dec 2019","YE2408","YE24","SCI","Khur Maksar","Aden",2019-12-01,1,"South"
"153","Dec 2019","YE2408","YE24","SCI","Khur Maksar","Aden",2019-12-01,1,"South"
"154","Dec 2019","YE2408","YE24","SCI","Khur Maksar","Aden",2019-12-01,1,"South"
"155","Dec 2019","YE2408","YE24","SCI","Khur Maksar","Aden",2019-12-01,1,"South"
"156","Dec 2019","YE2408","YE24","SCI","Khur Maksar","Aden",2019-12-01,1,"South"
"157","Dec 2019","YE2408","YE24","SCI","Khur Maksar","Aden",2019-12-01,1,"South"
"158","Dec 2019","YE2408","YE24","SCI","Khur Maksar","Aden",2019-12-01,1,"South"
"159","Dec 2019","YE2408","YE24","SCI","Khur Maksar","Aden",2019-12-01,1,"South"
"160","Dec 2019","YE2408","YE24","SCI","Khur Maksar","Aden",2019-12-01,1,"South"
"161","Dec 2019","YE2408","YE24","SCI","Khur Maksar","Aden",2019-12-01,1,"South"
"162","Dec 2019","YE2508","YE25","SCI","Al Milah","Lahj",2019-12-01,1,"South"
"163","Dec 2019","YE2508","YE25","SCI","Al Milah","Lahj",2019-12-01,1,"South"
"164","Dec 2019","YE2508","YE25","SCI","Al Milah","Lahj",2019-12-01,1,"South"
"165","Dec 2019","YE2515","YE25","SCI","Tuban","Lahj",2019-12-01,1,"South"
"166","Dec 2019","YE2515","YE25","SCI","Tuban","Lahj",2019-12-01,1,"South"
"167","Dec 2019","YE2515","YE25","SCI","Tuban","Lahj",2019-12-01,1,"South"
"168","Dec 2019","YE2515","YE25","SCI","Tuban","Lahj",2019-12-01,1,"South"
"169","Dec 2019","YE2515","YE25","SCI","Tuban","Lahj",2019-12-01,1,"South"
"170","Dec 2019","YE2515","YE25","SCI","Tuban","Lahj",2019-12-01,1,"South"
"171","Dec 2019","YE2515","YE25","SCI","Tuban","Lahj",2019-12-01,1,"South"
"172","Dec 2019","YE2515","YE25","SCI","Tuban","Lahj",2019-12-01,1,"South"
"173","Dec 2019","YE2515","YE25","SCI","Tuban","Lahj",2019-12-01,1,"South"
"174","Dec 2019","YE2515","YE25","SCI","Tuban","Lahj",2019-12-01,1,"South"
"175","Feb 2019","YE2408","YE24","SCI","Khur Maksar","Aden",2019-02-01,1,"South"
"176","Feb 2019","YE2408","YE24","SCI","Khur Maksar","Aden",2019-02-01,1,"South"
"177","Feb 2019","YE2408","YE24","SCI","Khur Maksar","Aden",2019-02-01,1,"South"
"178","Feb 2019","YE2408","YE24","SCI","Khur Maksar","Aden",2019-02-01,1,"South"
"179","Feb 2019","YE2408","YE24","SCI","Khur Maksar","Aden",2019-02-01,1,"South"
"180","Feb 2019","YE2408","YE24","SCI","Khur Maksar","Aden",2019-02-01,1,"South"
"181","Feb 2019","YE2408","YE24","SCI","Khur Maksar","Aden",2019-02-01,1,"South"
"182","Feb 2019","YE2408","YE24","SCI","Khur Maksar","Aden",2019-02-01,1,"South"
"183","Feb 2019","YE2408","YE24","SCI","Khur Maksar","Aden",2019-02-01,1,"South"
"184","Feb 2019","YE2408","YE24","SCI","Khur Maksar","Aden",2019-02-01,1,"South"
"185","Feb 2019","YE2404","YE24","SCI","Al Buraiqeh","Aden",2019-02-01,1,"South"
"186","Feb 2019","YE2404","YE24","SCI","Al Buraiqeh","Aden",2019-02-01,1,"South"
"187","Feb 2019","YE2404","YE24","SCI","Al Buraiqeh","Aden",2019-02-01,1,"South"
"188","Feb 2019","YE2404","YE24","SCI","Al Buraiqeh","Aden",2019-02-01,1,"South"
"189","Feb 2019","YE2404","YE24","SCI","Al Buraiqeh","Aden",2019-02-01,1,"South"
"190","Feb 2019","YE2404","YE24","SCI","Al Buraiqeh","Aden",2019-02-01,1,"South"
"191","Feb 2019","YE2404","YE24","SCI","Al Buraiqeh","Aden",2019-02-01,1,"South"
"192","Feb 2019","YE2404","YE24","SCI","Al Buraiqeh","Aden",2019-02-01,1,"South"
"193","Feb 2019","YE2404","YE24","SCI","Al Buraiqeh","Aden",2019-02-01,1,"South"
"194","Feb 2019","YE2404","YE24","SCI","Al Buraiqeh","Aden",2019-02-01,1,"South"
"195","Feb 2019","YE2508","YE25","SCI","Al Milah","Lahj",2019-02-01,1,"South"
"196","Feb 2019","YE2508","YE25","SCI","Al Milah","Lahj",2019-02-01,1,"South"
"197","Feb 2019","YE2508","YE25","SCI","Al Milah","Lahj",2019-02-01,1,"South"
"198","Feb 2019","YE2515","YE25","SCI","Tuban","Lahj",2019-02-01,1,"South"
"199","Feb 2019","YE2515","YE25","SCI","Tuban","Lahj",2019-02-01,1,"South"
"200","Feb 2019","YE2515","YE25","SCI","Tuban","Lahj",2019-02-01,1,"South"
"201","Feb 2019","YE2515","YE25","SCI","Tuban","Lahj",2019-02-01,1,"South"
"202","Feb 2019","YE2515","YE25","SCI","Tuban","Lahj",2019-02-01,1,"South"
"203","Feb 2019","YE2515","YE25","SCI","Tuban","Lahj",2019-02-01,1,"South"
"204","Feb 2019","YE2515","YE25","SCI","Tuban","Lahj",2019-02-01,1,"South"
"205","Feb 2019","YE2515","YE25","SCI","Tuban","Lahj",2019-02-01,1,"South"
"206","Feb 2019","YE2515","YE25","SCI","Tuban","Lahj",2019-02-01,1,"South"
"207","Feb 2019","YE2515","YE25","SCI","Tuban","Lahj",2019-02-01,1,"South"
"208","Feb 2019","YE3201","YE32","ROC","Hidaybu","Socotra",2019-02-01,1,"South"
"209","Feb 2019","YE3201","YE32","ROC","Hidaybu","Socotra",2019-02-01,1,"South"
"210","Feb 2019","YE3201","YE32","ROC","Hidaybu","Socotra",2019-02-01,1,"South"
"211","Feb 2019","YE2113","YE21","DRC","Ataq","Shabwah",2019-02-01,1,"South"
"212","Feb 2019","YE2113","YE21","DRC","Ataq","Shabwah",2019-02-01,1,"South"
"213","Feb 2019","YE2113","YE21","DRC","Ataq","Shabwah",2019-02-01,1,"South"
"214","Feb 2019","YE2114","YE21","NRC","Habban","Shabwah",2019-02-01,1,"South"
"215","Feb 2019","YE2114","YE21","DRC","Habban","Shabwah",2019-02-01,1,"South"
"216","Feb 2019","YE2114","YE21","DRC","Habban","Shabwah",2019-02-01,1,"South"
"217","Jan 2019","YE2408","YE24","SCI","Khur Maksar","Aden",2019-01-01,1,"South"
"218","Jan 2019","YE2408","YE24","SCI","Khur Maksar","Aden",2019-01-01,1,"South"
"219","Jan 2019","YE2408","YE24","SCI","Khur Maksar","Aden",2019-01-01,1,"South"
"220","Jan 2019","YE2408","YE24","SCI","Khur Maksar","Aden",2019-01-01,1,"South"
"221","Jan 2019","YE2408","YE24","SCI","Khur Maksar","Aden",2019-01-01,1,"South"
"222","Jan 2019","YE2404","YE24","SCI","Al Buraiqeh","Aden",2019-01-01,1,"South"
"223","Jan 2019","YE2404","YE24","SCI","Al Buraiqeh","Aden",2019-01-01,1,"South"
"224","Jan 2019","YE2404","YE24","SCI","Al Buraiqeh","Aden",2019-01-01,1,"South"
"225","Jan 2019","YE2404","YE24","SCI","Al Buraiqeh","Aden",2019-01-01,1,"South"
"226","Jan 2019","YE2404","YE24","SCI","Al Buraiqeh","Aden",2019-01-01,1,"South"
"227","Jan 2019","YE2404","YE24","SCI","Al Buraiqeh","Aden",2019-01-01,1,"South"
"228","Jan 2019","YE2404","YE24","SCI","Al Buraiqeh","Aden",2019-01-01,1,"South"
"229","Jan 2019","YE2404","YE24","SCI","Al Buraiqeh","Aden",2019-01-01,1,"South"
"230","Jan 2019","YE2404","YE24","SCI","Al Buraiqeh","Aden",2019-01-01,1,"South"
"231","Jan 2019","YE2404","YE24","SCI","Al Buraiqeh","Aden",2019-01-01,1,"South"
"232","Jan 2019","YE2508","YE25","SCI","Al Milah","Lahj",2019-01-01,1,"South"
"233","Jan 2019","YE2508","YE25","SCI","Al Milah","Lahj",2019-01-01,1,"South"
"234","Jan 2019","YE2508","YE25","SCI","Al Milah","Lahj",2019-01-01,1,"South"
"235","Jan 2019","YE2515","YE25","SCI","Tuban","Lahj",2019-01-01,1,"South"
"236","Jan 2019","YE2515","YE25","SCI","Tuban","Lahj",2019-01-01,1,"South"
"237","Jan 2019","YE2515","YE25","SCI","Tuban","Lahj",2019-01-01,1,"South"
"238","Jan 2019","YE2515","YE25","SCI","Tuban","Lahj",2019-01-01,1,"South"
"239","Jan 2019","YE2515","YE25","SCI","Tuban","Lahj",2019-01-01,1,"South"
"240","Jan 2019","YE2515","YE25","SCI","Tuban","Lahj",2019-01-01,1,"South"
"241","Jan 2019","YE2515","YE25","SCI","Tuban","Lahj",2019-01-01,1,"South"
"242","Jan 2019","YE2515","YE25","SCI","Tuban","Lahj",2019-01-01,1,"South"
"243","Jan 2019","YE2515","YE25","SCI","Tuban","Lahj",2019-01-01,1,"South"
"244","Jan 2019","YE2515","YE25","SCI","Tuban","Lahj",2019-01-01,1,"South"
"245","Jan 2019","YE1211","YE12","TYF","Khanfir","Abyan",2019-01-01,1,"South"
"246","Jan 2019","YE1211","YE12","TYF","Khanfir","Abyan",2019-01-01,1,"South"
"247","Jan 2019","YE1211","YE12","TYF","Khanfir","Abyan",2019-01-01,1,"South"
"248","Jan 2019","YE1211","YE12","TYF","Khanfir","Abyan",2019-01-01,1,"South"
"249","Jan 2019","YE1211","YE12","TYF","Khanfir","Abyan",2019-01-01,1,"South"
"250","Jan 2019","YE1211","YE12","TYF","Khanfir","Abyan",2019-01-01,1,"South"
"251","Jan 2019","YE1211","YE12","TYF","Khanfir","Abyan",2019-01-01,1,"South"
"252","Jan 2019","YE1211","YE12","TYF","Khanfir","Abyan",2019-01-01,1,"South"
"253","Jan 2019","YE1211","YE12","TYF","Khanfir","Abyan",2019-01-01,1,"South"
"254","Jan 2019","YE1211","YE12","TYF","Khanfir","Abyan",2019-01-01,1,"South"
"255","Jan 2019","YE1211","YE12","TYF","Khanfir","Abyan",2019-01-01,1,"South"
"256","Jan 2019","YE1211","YE12","TYF","Khanfir","Abyan",2019-01-01,1,"South"
"257","Jan 2019","YE1211","YE12","TYF","Khanfir","Abyan",2019-01-01,1,"South"
"258","Jan 2019","YE1211","YE12","TYF","Khanfir","Abyan",2019-01-01,1,"South"
"259","Jan 2019","YE1211","YE12","TYF","Khanfir","Abyan",2019-01-01,1,"South"
"260","Jan 2019","YE1211","YE12","TYF","Khanfir","Abyan",2019-01-01,1,"South"
"261","Jan 2019","YE1211","YE12","TYF","Khanfir","Abyan",2019-01-01,1,"South"
"262","Jan 2019","YE1211","YE12","TYF","Khanfir","Abyan",2019-01-01,1,"South"
"263","Jan 2019","YE3201","YE32","ROC","Hidaybu","Socotra",2019-01-01,1,"South"
"264","Jan 2019","YE3201","YE32","ROC","Hidaybu","Socotra",2019-01-01,1,"South"
"265","Jan 2019","YE3201","YE32","ROC","Hidaybu","Socotra",2019-01-01,1,"South"
"266","Jan 2019","YE2113","YE21","DRC","Ataq","Shabwah",2019-01-01,1,"South"
"267","Jan 2019","YE2113","YE21","DRC","Ataq","Shabwah",2019-01-01,1,"South"
"268","Jan 2019","YE2113","YE21","DRC","Ataq","Shabwah",2019-01-01,1,"South"
"269","Jan 2019","YE2114","YE21","DRC","Habban","Shabwah",2019-01-01,1,"South"
"270","Jan 2019","YE2114","YE21","DRC","Habban","Shabwah",2019-01-01,1,"South"
"271","Jan 2019","YE2114","YE21","DRC","Habban","Shabwah",2019-01-01,1,"South"
"272","Jan 2020","YE2402","YE24","NRC","Ash Shaikh Outhman","Aden",2020-01-01,1,"South"
"273","Jan 2020","YE2402","YE24","NRC","Ash Shaikh Outhman","Aden",2020-01-01,1,"South"
"274","Jan 2020","YE2402","YE24","SCI","Ash Shaikh Outhman","Aden",2020-01-01,1,"South"
"275","Jan 2020","YE2402","YE24","SCI","Ash Shaikh Outhman","Aden",2020-01-01,1,"South"
"276","Jan 2020","YE2402","YE24","SCI","Ash Shaikh Outhman","Aden",2020-01-01,1,"South"
"277","Jan 2020","YE2402","YE24","SCI","Ash Shaikh Outhman","Aden",2020-01-01,1,"South"
"278","Jan 2020","YE2402","YE24","SCI","Ash Shaikh Outhman","Aden",2020-01-01,1,"South"
"279","Jan 2020","YE2402","YE24","SCI","Ash Shaikh Outhman","Aden",2020-01-01,1,"South"
"280","Jan 2020","YE2402","YE24","SCI","Ash Shaikh Outhman","Aden",2020-01-01,1,"South"
"281","Jan 2020","YE2402","YE24","SCI","Ash Shaikh Outhman","Aden",2020-01-01,1,"South"
"282","Jan 2020","YE2402","YE24","SCI","Ash Shaikh Outhman","Aden",2020-01-01,1,"South"
"283","Jan 2020","YE2402","YE24","SCI","Ash Shaikh Outhman","Aden",2020-01-01,1,"South"
"284","Jan 2020","YE2408","YE24","SCI","Khur Maksar","Aden",2020-01-01,1,"South"
"285","Jan 2020","YE2408","YE24","SCI","Khur Maksar","Aden",2020-01-01,1,"South"
"286","Jan 2020","YE2408","YE24","SCI","Khur Maksar","Aden",2020-01-01,1,"South"
"287","Jan 2020","YE2408","YE24","SCI","Khur Maksar","Aden",2020-01-01,1,"South"
"288","Jan 2020","YE2408","YE24","SCI","Khur Maksar","Aden",2020-01-01,1,"South"
"289","Jan 2020","YE2408","YE24","SCI","Khur Maksar","Aden",2020-01-01,1,"South"
"290","Jan 2020","YE2408","YE24","SCI","Khur Maksar","Aden",2020-01-01,1,"South"
"291","Jan 2020","YE2408","YE24","SCI","Khur Maksar","Aden",2020-01-01,1,"South"
"292","Jan 2020","YE2408","YE24","SCI","Khur Maksar","Aden",2020-01-01,1,"South"
"293","Jan 2020","YE2408","YE24","SCI","Khur Maksar","Aden",2020-01-01,1,"South"
"294","Jan 2020","YE2407","YE24","NRC","Craiter","Aden",2020-01-01,1,"South"
"295","Jan 2020","YE2407","YE24","NRC","Craiter","Aden",2020-01-01,1,"South"
"296","Jan 2020","YE2407","YE24","NRC","Craiter","Aden",2020-01-01,1,"South"
"297","Jan 2020","YE2407","YE24","NRC","Craiter","Aden",2020-01-01,1,"South"
"298","Jan 2020","YE2508","YE25","SCI","Al Milah","Lahj",2020-01-01,1,"South"
"299","Jan 2020","YE2508","YE25","SCI","Al Milah","Lahj",2020-01-01,1,"South"
"300","Jan 2020","YE2508","YE25","SCI","Al Milah","Lahj",2020-01-01,1,"South"
"301","Jan 2020","YE2515","YE25","NRC","Tuban","Lahj",2020-01-01,1,"South"
"302","Jan 2020","YE2515","YE25","NRC","Tuban","Lahj",2020-01-01,1,"South"
"303","Jan 2020","YE2515","YE25","SCI","Tuban","Lahj",2020-01-01,1,"South"
"304","Jan 2020","YE2515","YE25","SCI","Tuban","Lahj",2020-01-01,1,"South"
"305","Jan 2020","YE2515","YE25","SCI","Tuban","Lahj",2020-01-01,1,"South"
"306","Jan 2020","YE2515","YE25","SCI","Tuban","Lahj",2020-01-01,1,"South"
"307","Jan 2020","YE2515","YE25","SCI","Tuban","Lahj",2020-01-01,1,"South"
"308","Jan 2020","YE2515","YE25","SCI","Tuban","Lahj",2020-01-01,1,"South"
"309","Jan 2020","YE2515","YE25","SCI","Tuban","Lahj",2020-01-01,1,"South"
"310","Jan 2020","YE2515","YE25","SCI","Tuban","Lahj",2020-01-01,1,"South"
"311","Jan 2020","YE2515","YE25","SCI","Tuban","Lahj",2020-01-01,1,"South"
"312","Jan 2020","YE2515","YE25","SCI","Tuban","Lahj",2020-01-01,1,"South"
"313","Jan 2020","YE2512","YE25","NRC","Al Maqatirah","Lahj",2020-01-01,1,"South"
"314","Jan 2020","YE2512","YE25","NRC","Al Maqatirah","Lahj",2020-01-01,1,"South"
"315","Jan 2020","YE2514","YE25","NRC","Al  Hawtah","Lahj",2020-01-01,1,"South"
"316","Jan 2020","YE2514","YE25","NRC","Al  Hawtah","Lahj",2020-01-01,1,"South"
"317","Jan 2020","YE2514","YE25","NRC","Al  Hawtah","Lahj",2020-01-01,1,"South"
"318","Jan 2020","YE2514","YE25","NRC","Al  Hawtah","Lahj",2020-01-01,1,"South"
"319","Jan 2020","YE2113","YE21","DRC","Ataq","Shabwah",2020-01-01,1,"South"
"320","Jan 2020","YE2113","YE21","DRC","Ataq","Shabwah",2020-01-01,1,"South"
"321","Jan 2020","YE2113","YE21","DRC","Ataq","Shabwah",2020-01-01,1,"South"
"322","Jan 2020","YE2114","YE21","DRC","Habban","Shabwah",2020-01-01,1,"South"
"323","Jan 2020","YE2114","YE21","DRC","Habban","Shabwah",2020-01-01,1,"South"
"324","Jan 2020","YE2114","YE21","DRC","Habban","Shabwah",2020-01-01,1,"South"
"325","Jul 2019","YE2408","YE24","SCI","Khur Maksar","Aden",2019-07-01,1,"South"
"326","Jul 2019","YE2408","YE24","SCI","Khur Maksar","Aden",2019-07-01,1,"South"
"327","Jul 2019","YE2408","YE24","SCI","Khur Maksar","Aden",2019-07-01,1,"South"
"328","Jul 2019","YE2408","YE24","SCI","Khur Maksar","Aden",2019-07-01,1,"South"
"329","Jul 2019","YE2408","YE24","SCI","Khur Maksar","Aden",2019-07-01,1,"South"
"330","Jul 2019","YE2408","YE24","SCI","Khur Maksar","Aden",2019-07-01,1,"South"
"331","Jul 2019","YE2408","YE24","SCI","Khur Maksar","Aden",2019-07-01,1,"South"
"332","Jul 2019","YE2408","YE24","SCI","Khur Maksar","Aden",2019-07-01,1,"South"
"333","Jul 2019","YE2408","YE24","SCI","Khur Maksar","Aden",2019-07-01,1,"South"
"334","Jul 2019","YE2408","YE24","SCI","Khur Maksar","Aden",2019-07-01,1,"South"
"335","Jul 2019","YE2404","YE24","SCI","Al Buraiqeh","Aden",2019-07-01,1,"South"
"336","Jul 2019","YE2404","YE24","SCI","Al Buraiqeh","Aden",2019-07-01,1,"South"
"337","Jul 2019","YE2404","YE24","SCI","Al Buraiqeh","Aden",2019-07-01,1,"South"
"338","Jul 2019","YE2404","YE24","SCI","Al Buraiqeh","Aden",2019-07-01,1,"South"
"339","Jul 2019","YE2404","YE24","SCI","Al Buraiqeh","Aden",2019-07-01,1,"South"
"340","Jul 2019","YE2404","YE24","SCI","Al Buraiqeh","Aden",2019-07-01,1,"South"
"341","Jul 2019","YE2404","YE24","SCI","Al Buraiqeh","Aden",2019-07-01,1,"South"
"342","Jul 2019","YE2404","YE24","SCI","Al Buraiqeh","Aden",2019-07-01,1,"South"
"343","Jul 2019","YE2404","YE24","SCI","Al Buraiqeh","Aden",2019-07-01,1,"South"
"344","Jul 2019","YE2404","YE24","SCI","Al Buraiqeh","Aden",2019-07-01,1,"South"
"345","Jul 2019","YE2508","YE25","SCI","Al Milah","Lahj",2019-07-01,1,"South"
"346","Jul 2019","YE2508","YE25","SCI","Al Milah","Lahj",2019-07-01,1,"South"
"347","Jul 2019","YE2508","YE25","SCI","Al Milah","Lahj",2019-07-01,1,"South"
"348","Jul 2019","YE2515","YE25","SCI","Tuban","Lahj",2019-07-01,1,"South"
"349","Jul 2019","YE2515","YE25","SCI","Tuban","Lahj",2019-07-01,1,"South"
"350","Jul 2019","YE2515","YE25","SCI","Tuban","Lahj",2019-07-01,1,"South"
"351","Jul 2019","YE2515","YE25","SCI","Tuban","Lahj",2019-07-01,1,"South"
"352","Jul 2019","YE2515","YE25","SCI","Tuban","Lahj",2019-07-01,1,"South"
"353","Jul 2019","YE2515","YE25","SCI","Tuban","Lahj",2019-07-01,1,"South"
"354","Jul 2019","YE2515","YE25","SCI","Tuban","Lahj",2019-07-01,1,"South"
"355","Jul 2019","YE2515","YE25","SCI","Tuban","Lahj",2019-07-01,1,"South"
"356","Jul 2019","YE2515","YE25","SCI","Tuban","Lahj",2019-07-01,1,"South"
"357","Jul 2019","YE2515","YE25","SCI","Tuban","Lahj",2019-07-01,1,"South"
"358","Jul 2019","YE3201","YE32","ROC","Hidaybu","Socotra",2019-07-01,1,"South"
"359","Jul 2019","YE3201","YE32","ROC","Hidaybu","Socotra",2019-07-01,1,"South"
"360","Jul 2019","YE3201","YE32","ROC","Hidaybu","Socotra",2019-07-01,1,"South"
"361","Jul 2019","YE2113","YE21","DRC","Ataq","Shabwah",2019-07-01,1,"South"
"362","Jul 2019","YE2113","YE21","DRC","Ataq","Shabwah",2019-07-01,1,"South"
"363","Jul 2019","YE2113","YE21","DRC","Ataq","Shabwah",2019-07-01,1,"South"
"364","Jul 2019","YE2114","YE21","DRC","Habban","Shabwah",2019-07-01,1,"South"
"365","Jul 2019","YE2114","YE21","DRC","Habban","Shabwah",2019-07-01,1,"South"
"366","Jul 2019","YE2114","YE21","DRC","Habban","Shabwah",2019-07-01,1,"South"
"367","Jun 2019","YE2408","YE24","SCI","Khur Maksar","Aden",2019-06-01,1,"South"
"368","Jun 2019","YE2408","YE24","SCI","Khur Maksar","Aden",2019-06-01,1,"South"
"369","Jun 2019","YE2408","YE24","SCI","Khur Maksar","Aden",2019-06-01,1,"South"
"370","Jun 2019","YE2408","YE24","SCI","Khur Maksar","Aden",2019-06-01,1,"South"
"371","Jun 2019","YE2408","YE24","SCI","Khur Maksar","Aden",2019-06-01,1,"South"
"372","Jun 2019","YE2408","YE24","SCI","Khur Maksar","Aden",2019-06-01,1,"South"
"373","Jun 2019","YE2408","YE24","SCI","Khur Maksar","Aden",2019-06-01,1,"South"
"374","Jun 2019","YE2408","YE24","SCI","Khur Maksar","Aden",2019-06-01,1,"South"
"375","Jun 2019","YE2408","YE24","SCI","Khur Maksar","Aden",2019-06-01,1,"South"
"376","Jun 2019","YE2408","YE24","SCI","Khur Maksar","Aden",2019-06-01,1,"South"
"377","Jun 2019","YE2404","YE24","SCI","Al Buraiqeh","Aden",2019-06-01,1,"South"
"378","Jun 2019","YE2404","YE24","SCI","Al Buraiqeh","Aden",2019-06-01,1,"South"
"379","Jun 2019","YE2404","YE24","SCI","Al Buraiqeh","Aden",2019-06-01,1,"South"
"380","Jun 2019","YE2404","YE24","SCI","Al Buraiqeh","Aden",2019-06-01,1,"South"
"381","Jun 2019","YE2404","YE24","SCI","Al Buraiqeh","Aden",2019-06-01,1,"South"
"382","Jun 2019","YE2404","YE24","SCI","Al Buraiqeh","Aden",2019-06-01,1,"South"
"383","Jun 2019","YE2404","YE24","SCI","Al Buraiqeh","Aden",2019-06-01,1,"South"
"384","Jun 2019","YE2404","YE24","SCI","Al Buraiqeh","Aden",2019-06-01,1,"South"
"385","Jun 2019","YE2404","YE24","SCI","Al Buraiqeh","Aden",2019-06-01,1,"South"
"386","Jun 2019","YE2404","YE24","SCI","Al Buraiqeh","Aden",2019-06-01,1,"South"
"387","Jun 2019","YE2508","YE25","SCI","Al Milah","Lahj",2019-06-01,1,"South"
"388","Jun 2019","YE2508","YE25","SCI","Al Milah","Lahj",2019-06-01,1,"South"
"389","Jun 2019","YE2508","YE25","SCI","Al Milah","Lahj",2019-06-01,1,"South"
"390","Jun 2019","YE2515","YE25","SCI","Tuban","Lahj",2019-06-01,1,"South"
"391","Jun 2019","YE2515","YE25","SCI","Tuban","Lahj",2019-06-01,1,"South"
"392","Jun 2019","YE2515","YE25","SCI","Tuban","Lahj",2019-06-01,1,"South"
"393","Jun 2019","YE2515","YE25","SCI","Tuban","Lahj",2019-06-01,1,"South"
"394","Jun 2019","YE2515","YE25","SCI","Tuban","Lahj",2019-06-01,1,"South"
"395","Jun 2019","YE2515","YE25","SCI","Tuban","Lahj",2019-06-01,1,"South"
"396","Jun 2019","YE2515","YE25","SCI","Tuban","Lahj",2019-06-01,1,"South"
"397","Jun 2019","YE2515","YE25","SCI","Tuban","Lahj",2019-06-01,1,"South"
"398","Jun 2019","YE2515","YE25","SCI","Tuban","Lahj",2019-06-01,1,"South"
"399","Jun 2019","YE2515","YE25","SCI","Tuban","Lahj",2019-06-01,1,"South"
"400","Jun 2019","YE3201","YE32","ROC","Hidaybu","Socotra",2019-06-01,1,"South"
"401","Jun 2019","YE3201","YE32","ROC","Hidaybu","Socotra",2019-06-01,1,"South"
"402","Jun 2019","YE3201","YE32","ROC","Hidaybu","Socotra",2019-06-01,1,"South"
"403","Jun 2019","YE2113","YE21","DRC","Ataq","Shabwah",2019-06-01,1,"South"
"404","Jun 2019","YE2113","YE21","DRC","Ataq","Shabwah",2019-06-01,1,"South"
"405","Jun 2019","YE2113","YE21","DRC","Ataq","Shabwah",2019-06-01,1,"South"
"406","Jun 2019","YE2114","YE21","DRC","Habban","Shabwah",2019-06-01,1,"South"
"407","Jun 2019","YE2114","YE21","DRC","Habban","Shabwah",2019-06-01,1,"South"
"408","Jun 2019","YE2114","YE21","DRC","Habban","Shabwah",2019-06-01,1,"South"
"409","Mar 2019","YE2408","YE24","SCI","Khur Maksar","Aden",2019-03-01,1,"South"
"410","Mar 2019","YE2408","YE24","SCI","Khur Maksar","Aden",2019-03-01,1,"South"
"411","Mar 2019","YE2408","YE24","SCI","Khur Maksar","Aden",2019-03-01,1,"South"
"412","Mar 2019","YE2408","YE24","SCI","Khur Maksar","Aden",2019-03-01,1,"South"
"413","Mar 2019","YE2408","YE24","SCI","Khur Maksar","Aden",2019-03-01,1,"South"
"414","Mar 2019","YE2408","YE24","SCI","Khur Maksar","Aden",2019-03-01,1,"South"
"415","Mar 2019","YE2408","YE24","SCI","Khur Maksar","Aden",2019-03-01,1,"South"
"416","Mar 2019","YE2408","YE24","SCI","Khur Maksar","Aden",2019-03-01,1,"South"
"417","Mar 2019","YE2408","YE24","SCI","Khur Maksar","Aden",2019-03-01,1,"South"
"418","Mar 2019","YE2408","YE24","SCI","Khur Maksar","Aden",2019-03-01,1,"South"
"419","Mar 2019","YE2404","YE24","SCI","Al Buraiqeh","Aden",2019-03-01,1,"South"
"420","Mar 2019","YE2404","YE24","SCI","Al Buraiqeh","Aden",2019-03-01,1,"South"
"421","Mar 2019","YE2404","YE24","SCI","Al Buraiqeh","Aden",2019-03-01,1,"South"
"422","Mar 2019","YE2404","YE24","SCI","Al Buraiqeh","Aden",2019-03-01,1,"South"
"423","Mar 2019","YE2404","YE24","SCI","Al Buraiqeh","Aden",2019-03-01,1,"South"
"424","Mar 2019","YE2404","YE24","SCI","Al Buraiqeh","Aden",2019-03-01,1,"South"
"425","Mar 2019","YE2404","YE24","SCI","Al Buraiqeh","Aden",2019-03-01,1,"South"
"426","Mar 2019","YE2404","YE24","SCI","Al Buraiqeh","Aden",2019-03-01,1,"South"
"427","Mar 2019","YE2404","YE24","SCI","Al Buraiqeh","Aden",2019-03-01,1,"South"
"428","Mar 2019","YE2404","YE24","SCI","Al Buraiqeh","Aden",2019-03-01,1,"South"
"429","Mar 2019","YE2508","YE25","SCI","Al Milah","Lahj",2019-03-01,1,"South"
"430","Mar 2019","YE2508","YE25","SCI","Al Milah","Lahj",2019-03-01,1,"South"
"431","Mar 2019","YE2508","YE25","SCI","Al Milah","Lahj",2019-03-01,1,"South"
"432","Mar 2019","YE2515","YE25","SCI","Tuban","Lahj",2019-03-01,1,"South"
"433","Mar 2019","YE2515","YE25","SCI","Tuban","Lahj",2019-03-01,1,"South"
"434","Mar 2019","YE2515","YE25","SCI","Tuban","Lahj",2019-03-01,1,"South"
"435","Mar 2019","YE2515","YE25","SCI","Tuban","Lahj",2019-03-01,1,"South"
"436","Mar 2019","YE2515","YE25","SCI","Tuban","Lahj",2019-03-01,1,"South"
"437","Mar 2019","YE2515","YE25","SCI","Tuban","Lahj",2019-03-01,1,"South"
"438","Mar 2019","YE2515","YE25","SCI","Tuban","Lahj",2019-03-01,1,"South"
"439","Mar 2019","YE2515","YE25","SCI","Tuban","Lahj",2019-03-01,1,"South"
"440","Mar 2019","YE2515","YE25","SCI","Tuban","Lahj",2019-03-01,1,"South"
"441","Mar 2019","YE2515","YE25","SCI","Tuban","Lahj",2019-03-01,1,"South"
"442","Mar 2019","YE1205","YE12","ACTED","Sibah","Abyan",2019-03-01,1,"South"
"443","Mar 2019","YE1205","YE12","ACTED","Sibah","Abyan",2019-03-01,1,"South"
"444","Mar 2019","YE1205","YE12","ACTED","Sibah","Abyan",2019-03-01,1,"South"
"445","Mar 2019","YE3201","YE32","ROC","Hidaybu","Socotra",2019-03-01,1,"South"
"446","Mar 2019","YE3201","YE32","ROC","Hidaybu","Socotra",2019-03-01,1,"South"
"447","Mar 2019","YE3201","YE32","ROC","Hidaybu","Socotra",2019-03-01,1,"South"
"448","Mar 2019","YE2113","YE21","DRC","Ataq","Shabwah",2019-03-01,1,"South"
"449","Mar 2019","YE2113","YE21","DRC","Ataq","Shabwah",2019-03-01,1,"South"
"450","Mar 2019","YE2113","YE21","DRC","Ataq","Shabwah",2019-03-01,1,"South"
"451","Mar 2019","YE2114","YE21","DRC","Habban","Shabwah",2019-03-01,1,"South"
"452","Mar 2019","YE2114","YE21","DRC","Habban","Shabwah",2019-03-01,1,"South"
"453","Mar 2019","YE2114","YE21","DRC","Habban","Shabwah",2019-03-01,1,"South"
"454","May 2019","YE2408","YE24","SCI","Khur Maksar","Aden",2019-05-01,1,"South"
"455","May 2019","YE2408","YE24","SCI","Khur Maksar","Aden",2019-05-01,1,"South"
"456","May 2019","YE2408","YE24","SCI","Khur Maksar","Aden",2019-05-01,1,"South"
"457","May 2019","YE2408","YE24","SCI","Khur Maksar","Aden",2019-05-01,1,"South"
"458","May 2019","YE2408","YE24","SCI","Khur Maksar","Aden",2019-05-01,1,"South"
"459","May 2019","YE2408","YE24","SCI","Khur Maksar","Aden",2019-05-01,1,"South"
"460","May 2019","YE2408","YE24","SCI","Khur Maksar","Aden",2019-05-01,1,"South"
"461","May 2019","YE2408","YE24","SCI","Khur Maksar","Aden",2019-05-01,1,"South"
"462","May 2019","YE2408","YE24","SCI","Khur Maksar","Aden",2019-05-01,1,"South"
"463","May 2019","YE2408","YE24","SCI","Khur Maksar","Aden",2019-05-01,1,"South"
"464","May 2019","YE2404","YE24","SCI","Al Buraiqeh","Aden",2019-05-01,1,"South"
"465","May 2019","YE2404","YE24","SCI","Al Buraiqeh","Aden",2019-05-01,1,"South"
"466","May 2019","YE2404","YE24","SCI","Al Buraiqeh","Aden",2019-05-01,1,"South"
"467","May 2019","YE2404","YE24","SCI","Al Buraiqeh","Aden",2019-05-01,1,"South"
"468","May 2019","YE2404","YE24","SCI","Al Buraiqeh","Aden",2019-05-01,1,"South"
"469","May 2019","YE2404","YE24","SCI","Al Buraiqeh","Aden",2019-05-01,1,"South"
"470","May 2019","YE2404","YE24","SCI","Al Buraiqeh","Aden",2019-05-01,1,"South"
"471","May 2019","YE2404","YE24","SCI","Al Buraiqeh","Aden",2019-05-01,1,"South"
"472","May 2019","YE2404","YE24","SCI","Al Buraiqeh","Aden",2019-05-01,1,"South"
"473","May 2019","YE2404","YE24","SCI","Al Buraiqeh","Aden",2019-05-01,1,"South"
"474","May 2019","YE2508","YE25","SCI","Al Milah","Lahj",2019-05-01,1,"South"
"475","May 2019","YE2508","YE25","SCI","Al Milah","Lahj",2019-05-01,1,"South"
"476","May 2019","YE2508","YE25","SCI","Al Milah","Lahj",2019-05-01,1,"South"
"477","May 2019","YE2515","YE25","SCI","Tuban","Lahj",2019-05-01,1,"South"
"478","May 2019","YE2515","YE25","SCI","Tuban","Lahj",2019-05-01,1,"South"
"479","May 2019","YE2515","YE25","SCI","Tuban","Lahj",2019-05-01,1,"South"
"480","May 2019","YE2515","YE25","SCI","Tuban","Lahj",2019-05-01,1,"South"
"481","May 2019","YE2515","YE25","SCI","Tuban","Lahj",2019-05-01,1,"South"
"482","May 2019","YE2515","YE25","SCI","Tuban","Lahj",2019-05-01,1,"South"
"483","May 2019","YE2515","YE25","SCI","Tuban","Lahj",2019-05-01,1,"South"
"484","May 2019","YE2515","YE25","SCI","Tuban","Lahj",2019-05-01,1,"South"
"485","May 2019","YE2515","YE25","SCI","Tuban","Lahj",2019-05-01,1,"South"
"486","May 2019","YE2515","YE25","SCI","Tuban","Lahj",2019-05-01,1,"South"
"487","May 2019","YE3201","YE32","ROC","Hidaybu","Socotra",2019-05-01,1,"South"
"488","May 2019","YE3201","YE32","ROC","Hidaybu","Socotra",2019-05-01,1,"South"
"489","May 2019","YE3201","YE32","ROC","Hidaybu","Socotra",2019-05-01,1,"South"
"490","May 2019","YE2113","YE21","DRC","Ataq","Shabwah",2019-05-01,1,"South"
"491","May 2019","YE2113","YE21","DRC","Ataq","Shabwah",2019-05-01,1,"South"
"492","May 2019","YE2113","YE21","DRC","Ataq","Shabwah",2019-05-01,1,"South"
"493","May 2019","YE2114","YE21","DRC","Habban","Shabwah",2019-05-01,1,"South"
"494","May 2019","YE2114","YE21","DRC","Habban","Shabwah",2019-05-01,1,"South"
"495","May 2019","YE2114","YE21","DRC","Habban","Shabwah",2019-05-01,1,"South"
"496","Nov 2018","YE2408","YE24","SCI","Khur Maksar","Aden",2018-11-01,1,"South"
"497","Nov 2018","YE2408","YE24","SCI","Khur Maksar","Aden",2018-11-01,1,"South"
"498","Nov 2018","YE2408","YE24","SCI","Khur Maksar","Aden",2018-11-01,1,"South"
"499","Nov 2018","YE2408","YE24","SCI","Khur Maksar","Aden",2018-11-01,1,"South"
"500","Nov 2018","YE2408","YE24","SCI","Khur Maksar","Aden",2018-11-01,1,"South"
"501","Nov 2018","YE2408","YE24","SCI","Khur Maksar","Aden",2018-11-01,1,"South"
"502","Nov 2018","YE2408","YE24","SCI","Khur Maksar","Aden",2018-11-01,1,"South"
"503","Nov 2018","YE2408","YE24","SCI","Khur Maksar","Aden",2018-11-01,1,"South"
"504","Nov 2018","YE2408","YE24","SCI","Khur Maksar","Aden",2018-11-01,1,"South"
"505","Nov 2018","YE2408","YE24","SCI","Khur Maksar","Aden",2018-11-01,1,"South"
"506","Nov 2018","YE2404","YE24","SCI","Al Buraiqeh","Aden",2018-11-01,1,"South"
"507","Nov 2018","YE2404","YE24","SCI","Al Buraiqeh","Aden",2018-11-01,1,"South"
"508","Nov 2018","YE2404","YE24","SCI","Al Buraiqeh","Aden",2018-11-01,1,"South"
"509","Nov 2018","YE2404","YE24","SCI","Al Buraiqeh","Aden",2018-11-01,1,"South"
"510","Nov 2018","YE2404","YE24","SCI","Al Buraiqeh","Aden",2018-11-01,1,"South"
"511","Nov 2018","YE2508","YE25","SCI","Al Milah","Lahj",2018-11-01,1,"South"
"512","Nov 2018","YE2508","YE25","SCI","Al Milah","Lahj",2018-11-01,1,"South"
"513","Nov 2018","YE2508","YE25","SCI","Al Milah","Lahj",2018-11-01,1,"South"
"514","Nov 2018","YE2515","YE25","SCI","Tuban","Lahj",2018-11-01,1,"South"
"515","Nov 2018","YE2515","YE25","SCI","Tuban","Lahj",2018-11-01,1,"South"
"516","Nov 2018","YE2515","YE25","SCI","Tuban","Lahj",2018-11-01,1,"South"
"517","Nov 2018","YE2515","YE25","SCI","Tuban","Lahj",2018-11-01,1,"South"
"518","Nov 2018","YE2515","YE25","SCI","Tuban","Lahj",2018-11-01,1,"South"
"519","Nov 2018","YE2515","YE25","SCI","Tuban","Lahj",2018-11-01,1,"South"
"520","Nov 2018","YE2515","YE25","SCI","Tuban","Lahj",2018-11-01,1,"South"
"521","Nov 2018","YE2515","YE25","SCI","Tuban","Lahj",2018-11-01,1,"South"
"522","Nov 2018","YE1211","YE12","TYF","Khanfir","Abyan",2018-11-01,1,"South"
"523","Nov 2018","YE1211","YE12","TYF","Khanfir","Abyan",2018-11-01,1,"South"
"524","Nov 2018","YE1211","YE12","TYF","Khanfir","Abyan",2018-11-01,1,"South"
"525","Nov 2018","YE1211","YE12","TYF","Khanfir","Abyan",2018-11-01,1,"South"
"526","Nov 2018","YE1211","YE12","TYF","Khanfir","Abyan",2018-11-01,1,"South"
"527","Nov 2018","YE1211","YE12","TYF","Khanfir","Abyan",2018-11-01,1,"South"
"528","Nov 2018","YE1211","YE12","TYF","Khanfir","Abyan",2018-11-01,1,"South"
"529","Nov 2018","YE1211","YE12","TYF","Khanfir","Abyan",2018-11-01,1,"South"
"530","Nov 2018","YE1211","YE12","TYF","Khanfir","Abyan",2018-11-01,1,"South"
"531","Nov 2018","YE1211","YE12","TYF","Khanfir","Abyan",2018-11-01,1,"South"
"532","Nov 2018","YE1211","YE12","TYF","Khanfir","Abyan",2018-11-01,1,"South"
"533","Nov 2018","YE1211","YE12","TYF","Khanfir","Abyan",2018-11-01,1,"South"
"534","Nov 2018","YE1211","YE12","TYF","Khanfir","Abyan",2018-11-01,1,"South"
"535","Nov 2018","YE1211","YE12","TYF","Khanfir","Abyan",2018-11-01,1,"South"
"536","Nov 2018","YE1211","YE12","TYF","Khanfir","Abyan",2018-11-01,1,"South"
"537","Nov 2018","YE1211","YE12","TYF","Khanfir","Abyan",2018-11-01,1,"South"
"538","Nov 2018","YE1211","YE12","TYF","Khanfir","Abyan",2018-11-01,1,"South"
"539","Nov 2018","YE1211","YE12","TYF","Khanfir","Abyan",2018-11-01,1,"South"
"540","Nov 2018","YE3201","YE32","ROC","Hidaybu","Socotra",2018-11-01,1,"South"
"541","Nov 2018","YE3201","YE32","ROC","Hidaybu","Socotra",2018-11-01,1,"South"
"542","Nov 2018","YE3201","YE32","ROC","Hidaybu","Socotra",2018-11-01,1,"South"
"543","Nov 2019","YE2402","YE24","SCI","Ash Shaikh Outhman","Aden",2019-11-01,1,"South"
"544","Nov 2019","YE2402","YE24","SCI","Ash Shaikh Outhman","Aden",2019-11-01,1,"South"
"545","Nov 2019","YE2402","YE24","SCI","Ash Shaikh Outhman","Aden",2019-11-01,1,"South"
"546","Nov 2019","YE2402","YE24","SCI","Ash Shaikh Outhman","Aden",2019-11-01,1,"South"
"547","Nov 2019","YE2402","YE24","SCI","Ash Shaikh Outhman","Aden",2019-11-01,1,"South"
"548","Nov 2019","YE2402","YE24","SCI","Ash Shaikh Outhman","Aden",2019-11-01,1,"South"
"549","Nov 2019","YE2402","YE24","SCI","Ash Shaikh Outhman","Aden",2019-11-01,1,"South"
"550","Nov 2019","YE2402","YE24","SCI","Ash Shaikh Outhman","Aden",2019-11-01,1,"South"
"551","Nov 2019","YE2402","YE24","SCI","Ash Shaikh Outhman","Aden",2019-11-01,1,"South"
"552","Nov 2019","YE2402","YE24","SCI","Ash Shaikh Outhman","Aden",2019-11-01,1,"South"
"553","Nov 2019","YE2408","YE24","SCI","Khur Maksar","Aden",2019-11-01,1,"South"
"554","Nov 2019","YE2408","YE24","SCI","Khur Maksar","Aden",2019-11-01,1,"South"
"555","Nov 2019","YE2408","YE24","SCI","Khur Maksar","Aden",2019-11-01,1,"South"
"556","Nov 2019","YE2408","YE24","SCI","Khur Maksar","Aden",2019-11-01,1,"South"
"557","Nov 2019","YE2408","YE24","SCI","Khur Maksar","Aden",2019-11-01,1,"South"
"558","Nov 2019","YE2508","YE25","SCI","Al Milah","Lahj",2019-11-01,1,"South"
"559","Nov 2019","YE2508","YE25","SCI","Al Milah","Lahj",2019-11-01,1,"South"
"560","Nov 2019","YE2508","YE25","SCI","Al Milah","Lahj",2019-11-01,1,"South"
"561","Nov 2019","YE2515","YE25","SCI","Tuban","Lahj",2019-11-01,1,"South"
"562","Nov 2019","YE2515","YE25","SCI","Tuban","Lahj",2019-11-01,1,"South"
"563","Nov 2019","YE2515","YE25","SCI","Tuban","Lahj",2019-11-01,1,"South"
"564","Nov 2019","YE2515","YE25","SCI","Tuban","Lahj",2019-11-01,1,"South"
"565","Nov 2019","YE2515","YE25","SCI","Tuban","Lahj",2019-11-01,1,"South"
"566","Nov 2019","YE2515","YE25","SCI","Tuban","Lahj",2019-11-01,1,"South"
"567","Nov 2019","YE2515","YE25","SCI","Tuban","Lahj",2019-11-01,1,"South"
"568","Nov 2019","YE2515","YE25","SCI","Tuban","Lahj",2019-11-01,1,"South"
"569","Nov 2019","YE2515","YE25","SCI","Tuban","Lahj",2019-11-01,1,"South"
"570","Nov 2019","YE2515","YE25","SCI","Tuban","Lahj",2019-11-01,1,"South"
"571","Nov 2019","YE2113","YE21","DRC","Ataq","Shabwah",2019-11-01,1,"South"
"572","Nov 2019","YE2113","YE21","DRC","Ataq","Shabwah",2019-11-01,1,"South"
"573","Nov 2019","YE2113","YE21","DRC","Ataq","Shabwah",2019-11-01,1,"South"
"574","Nov 2019","YE2113","YE21","DRC","Ataq","Shabwah",2019-11-01,1,"South"
"575","Nov 2019","YE2113","YE21","DRC","Ataq","Shabwah",2019-11-01,1,"South"
"576","Nov 2019","YE2114","YE21","DRC","Habban","Shabwah",2019-11-01,1,"South"
"577","Nov 2019","YE2114","YE21","DRC","Habban","Shabwah",2019-11-01,1,"South"
"578","Nov 2019","YE2114","YE21","DRC","Habban","Shabwah",2019-11-01,1,"South"
"579","Oct 2018","YE2408","YE24","SCI","Khur Maksar","Aden",2018-10-01,1,"South"
"580","Oct 2018","YE2408","YE24","SCI","Khur Maksar","Aden",2018-10-01,1,"South"
"581","Oct 2018","YE2408","YE24","SCI","Khur Maksar","Aden",2018-10-01,1,"South"
"582","Oct 2018","YE2408","YE24","SCI","Khur Maksar","Aden",2018-10-01,1,"South"
"583","Oct 2018","YE2408","YE24","SCI","Khur Maksar","Aden",2018-10-01,1,"South"
"584","Oct 2018","YE2408","YE24","SCI","Khur Maksar","Aden",2018-10-01,1,"South"
"585","Oct 2018","YE2408","YE24","SCI","Khur Maksar","Aden",2018-10-01,1,"South"
"586","Oct 2018","YE2408","YE24","SCI","Khur Maksar","Aden",2018-10-01,1,"South"
"587","Oct 2018","YE2404","YE24","ROC","Al Buraiqeh","Aden",2018-10-01,1,"South"
"588","Oct 2018","YE2404","YE24","SCI","Al Buraiqeh","Aden",2018-10-01,1,"South"
"589","Oct 2018","YE2404","YE24","SCI","Al Buraiqeh","Aden",2018-10-01,1,"South"
"590","Oct 2018","YE2404","YE24","SCI","Al Buraiqeh","Aden",2018-10-01,1,"South"
"591","Oct 2018","YE2404","YE24","SCI","Al Buraiqeh","Aden",2018-10-01,1,"South"
"592","Oct 2018","YE2404","YE24","SCI","Al Buraiqeh","Aden",2018-10-01,1,"South"
"593","Oct 2018","YE2404","YE24","SCI","Al Buraiqeh","Aden",2018-10-01,1,"South"
"594","Oct 2018","YE2404","YE24","SCI","Al Buraiqeh","Aden",2018-10-01,1,"South"
"595","Oct 2018","YE2404","YE24","SCI","Al Buraiqeh","Aden",2018-10-01,1,"South"
"596","Oct 2018","YE2404","YE24","SCI","Al Buraiqeh","Aden",2018-10-01,1,"South"
"597","Oct 2018","YE2404","YE24","SCI","Al Buraiqeh","Aden",2018-10-01,1,"South"
"598","Oct 2018","YE2404","YE24","SCI","Al Buraiqeh","Aden",2018-10-01,1,"South"
"599","Oct 2018","YE2404","YE24","SCI","Al Buraiqeh","Aden",2018-10-01,1,"South"
"600","Oct 2018","YE2404","YE24","SCI","Al Buraiqeh","Aden",2018-10-01,1,"South"
"601","Oct 2018","YE2404","YE24","SCI","Al Buraiqeh","Aden",2018-10-01,1,"South"
"602","Oct 2018","YE2404","YE24","SCI","Al Buraiqeh","Aden",2018-10-01,1,"South"
"603","Oct 2018","YE2404","YE24","SCI","Al Buraiqeh","Aden",2018-10-01,1,"South"
"604","Oct 2018","YE2508","YE25","SCI","Al Milah","Lahj",2018-10-01,1,"South"
"605","Oct 2018","YE2508","YE25","SCI","Al Milah","Lahj",2018-10-01,1,"South"
"606","Oct 2018","YE2508","YE25","SCI","Al Milah","Lahj",2018-10-01,1,"South"
"607","Oct 2018","YE2515","YE25","SCI","Tuban","Lahj",2018-10-01,1,"South"
"608","Oct 2018","YE2515","YE25","SCI","Tuban","Lahj",2018-10-01,1,"South"
"609","Oct 2018","YE2515","YE25","SCI","Tuban","Lahj",2018-10-01,1,"South"
"610","Oct 2018","YE2515","YE25","SCI","Tuban","Lahj",2018-10-01,1,"South"
"611","Oct 2018","YE2515","YE25","SCI","Tuban","Lahj",2018-10-01,1,"South"
"612","Oct 2018","YE2515","YE25","SCI","Tuban","Lahj",2018-10-01,1,"South"
"613","Oct 2018","YE2515","YE25","SCI","Tuban","Lahj",2018-10-01,1,"South"
"614","Oct 2018","YE2515","YE25","SCI","Tuban","Lahj",2018-10-01,1,"South"
"615","Oct 2018","YE2515","YE25","SCI","Tuban","Lahj",2018-10-01,1,"South"
"616","Oct 2018","YE2515","YE25","SCI","Tuban","Lahj",2018-10-01,1,"South"
"617","Oct 2018","YE2515","YE25","SCI","Tuban","Lahj",2018-10-01,1,"South"
"618","Oct 2018","YE2515","YE25","SCI","Tuban","Lahj",2018-10-01,1,"South"
"619","Oct 2018","YE2515","YE25","SCI","Tuban","Lahj",2018-10-01,1,"South"
"620","Oct 2018","YE1211","YE12","Other","Khanfir","Abyan",2018-10-01,1,"South"
"621","Oct 2018","YE1211","YE12","Other","Khanfir","Abyan",2018-10-01,1,"South"
"622","Oct 2018","YE1211","YE12","Other","Khanfir","Abyan",2018-10-01,1,"South"
"623","Oct 2018","YE1211","YE12","Other","Khanfir","Abyan",2018-10-01,1,"South"
"624","Oct 2018","YE1211","YE12","Other","Khanfir","Abyan",2018-10-01,1,"South"
"625","Oct 2018","YE1211","YE12","Other","Khanfir","Abyan",2018-10-01,1,"South"
"626","Oct 2018","YE1211","YE12","Other","Khanfir","Abyan",2018-10-01,1,"South"
"627","Oct 2018","YE1211","YE12","Other","Khanfir","Abyan",2018-10-01,1,"South"
"628","Oct 2018","YE1211","YE12","Other","Khanfir","Abyan",2018-10-01,1,"South"
"629","Oct 2018","YE1211","YE12","Other","Khanfir","Abyan",2018-10-01,1,"South"
"630","Oct 2018","YE1211","YE12","Other","Khanfir","Abyan",2018-10-01,1,"South"
"631","Oct 2018","YE1211","YE12","Other","Khanfir","Abyan",2018-10-01,1,"South"
"632","Oct 2018","YE1211","YE12","Other","Khanfir","Abyan",2018-10-01,1,"South"
"633","Oct 2018","YE1211","YE12","Other","Khanfir","Abyan",2018-10-01,1,"South"
"634","Oct 2018","YE1211","YE12","Other","Khanfir","Abyan",2018-10-01,1,"South"
"635","Oct 2018","YE1211","YE12","Other","Khanfir","Abyan",2018-10-01,1,"South"
"636","Oct 2018","YE1211","YE12","Other","Khanfir","Abyan",2018-10-01,1,"South"
"637","Oct 2018","YE1211","YE12","Other","Khanfir","Abyan",2018-10-01,1,"South"
"638","Oct 2018","YE3201","YE32","ROC","Hidaybu","Socotra",2018-10-01,1,"South"
"639","Oct 2018","YE3201","YE32","ROC","Hidaybu","Socotra",2018-10-01,1,"South"
"640","Oct 2018","YE3201","YE32","ROC","Hidaybu","Socotra",2018-10-01,1,"South"
"641","Oct 2019","YE2402","YE24","SCI","Ash Shaikh Outhman","Aden",2019-10-01,1,"South"
"642","Oct 2019","YE2402","YE24","SCI","Ash Shaikh Outhman","Aden",2019-10-01,1,"South"
"643","Oct 2019","YE2402","YE24","SCI","Ash Shaikh Outhman","Aden",2019-10-01,1,"South"
"644","Oct 2019","YE2402","YE24","SCI","Ash Shaikh Outhman","Aden",2019-10-01,1,"South"
"645","Oct 2019","YE2402","YE24","SCI","Ash Shaikh Outhman","Aden",2019-10-01,1,"South"
"646","Oct 2019","YE2402","YE24","SCI","Ash Shaikh Outhman","Aden",2019-10-01,1,"South"
"647","Oct 2019","YE2402","YE24","SCI","Ash Shaikh Outhman","Aden",2019-10-01,1,"South"
"648","Oct 2019","YE2402","YE24","SCI","Ash Shaikh Outhman","Aden",2019-10-01,1,"South"
"649","Oct 2019","YE2402","YE24","SCI","Ash Shaikh Outhman","Aden",2019-10-01,1,"South"
"650","Oct 2019","YE2402","YE24","SCI","Ash Shaikh Outhman","Aden",2019-10-01,1,"South"
"651","Oct 2019","YE2408","YE24","SCI","Khur Maksar","Aden",2019-10-01,1,"South"
"652","Oct 2019","YE2408","YE24","SCI","Khur Maksar","Aden",2019-10-01,1,"South"
"653","Oct 2019","YE2408","YE24","SCI","Khur Maksar","Aden",2019-10-01,1,"South"
"654","Oct 2019","YE2408","YE24","SCI","Khur Maksar","Aden",2019-10-01,1,"South"
"655","Oct 2019","YE2408","YE24","SCI","Khur Maksar","Aden",2019-10-01,1,"South"
"656","Oct 2019","YE2408","YE24","SCI","Khur Maksar","Aden",2019-10-01,1,"South"
"657","Oct 2019","YE2408","YE24","SCI","Khur Maksar","Aden",2019-10-01,1,"South"
"658","Oct 2019","YE2408","YE24","SCI","Khur Maksar","Aden",2019-10-01,1,"South"
"659","Oct 2019","YE2408","YE24","SCI","Khur Maksar","Aden",2019-10-01,1,"South"
"660","Oct 2019","YE2408","YE24","SCI","Khur Maksar","Aden",2019-10-01,1,"South"
"661","Oct 2019","YE2408","YE24","SCI","Khur Maksar","Aden",2019-10-01,1,"South"
"662","Oct 2019","YE2508","YE25","SCI","Al Milah","Lahj",2019-10-01,1,"South"
"663","Oct 2019","YE2508","YE25","SCI","Al Milah","Lahj",2019-10-01,1,"South"
"664","Oct 2019","YE2508","YE25","SCI","Al Milah","Lahj",2019-10-01,1,"South"
"665","Oct 2019","YE2515","YE25","SCI","Tuban","Lahj",2019-10-01,1,"South"
"666","Oct 2019","YE2515","YE25","SCI","Tuban","Lahj",2019-10-01,1,"South"
"667","Oct 2019","YE2515","YE25","SCI","Tuban","Lahj",2019-10-01,1,"South"
"668","Oct 2019","YE2515","YE25","SCI","Tuban","Lahj",2019-10-01,1,"South"
"669","Oct 2019","YE2515","YE25","SCI","Tuban","Lahj",2019-10-01,1,"South"
"670","Oct 2019","YE2515","YE25","SCI","Tuban","Lahj",2019-10-01,1,"South"
"671","Oct 2019","YE2515","YE25","SCI","Tuban","Lahj",2019-10-01,1,"South"
"672","Oct 2019","YE2515","YE25","SCI","Tuban","Lahj",2019-10-01,1,"South"
"673","Oct 2019","YE2515","YE25","SCI","Tuban","Lahj",2019-10-01,1,"South"
"674","Oct 2019","YE2515","YE25","SCI","Tuban","Lahj",2019-10-01,1,"South"
"675","Oct 2019","YE2113","YE21","DRC","Ataq","Shabwah",2019-10-01,1,"South"
"676","Oct 2019","YE2113","YE21","DRC","Ataq","Shabwah",2019-10-01,1,"South"
"677","Oct 2019","YE2113","YE21","DRC","Ataq","Shabwah",2019-10-01,1,"South"
"678","Oct 2019","YE2114","YE21","DRC","Habban","Shabwah",2019-10-01,1,"South"
"679","Oct 2019","YE2114","YE21","DRC","Habban","Shabwah",2019-10-01,1,"South"
"680","Oct 2019","YE2114","YE21","DRC","Habban","Shabwah",2019-10-01,1,"South"
"681","Sep 2019","YE2408","YE24","SCI","Khur Maksar","Aden",2019-09-01,1,"South"
"682","Sep 2019","YE2408","YE24","SCI","Khur Maksar","Aden",2019-09-01,1,"South"
"683","Sep 2019","YE2408","YE24","SCI","Khur Maksar","Aden",2019-09-01,1,"South"
"684","Sep 2019","YE2408","YE24","SCI","Khur Maksar","Aden",2019-09-01,1,"South"
"685","Sep 2019","YE2408","YE24","SCI","Khur Maksar","Aden",2019-09-01,1,"South"
"686","Sep 2019","YE2408","YE24","SCI","Khur Maksar","Aden",2019-09-01,1,"South"
"687","Sep 2019","YE2408","YE24","SCI","Khur Maksar","Aden",2019-09-01,1,"South"
"688","Sep 2019","YE2408","YE24","SCI","Khur Maksar","Aden",2019-09-01,1,"South"
"689","Sep 2019","YE2408","YE24","SCI","Khur Maksar","Aden",2019-09-01,1,"South"
"690","Sep 2019","YE2408","YE24","SCI","Khur Maksar","Aden",2019-09-01,1,"South"
"691","Sep 2019","YE2404","YE24","SCI","Al Buraiqeh","Aden",2019-09-01,1,"South"
"692","Sep 2019","YE2404","YE24","SCI","Al Buraiqeh","Aden",2019-09-01,1,"South"
"693","Sep 2019","YE2404","YE24","SCI","Al Buraiqeh","Aden",2019-09-01,1,"South"
"694","Sep 2019","YE2404","YE24","SCI","Al Buraiqeh","Aden",2019-09-01,1,"South"
"695","Sep 2019","YE2404","YE24","SCI","Al Buraiqeh","Aden",2019-09-01,1,"South"
"696","Sep 2019","YE2508","YE25","SCI","Al Milah","Lahj",2019-09-01,1,"South"
"697","Sep 2019","YE2508","YE25","SCI","Al Milah","Lahj",2019-09-01,1,"South"
"698","Sep 2019","YE2508","YE25","SCI","Al Milah","Lahj",2019-09-01,1,"South"
"699","Sep 2019","YE2515","YE25","SCI","Tuban","Lahj",2019-09-01,1,"South"
"700","Sep 2019","YE2515","YE25","SCI","Tuban","Lahj",2019-09-01,1,"South"
"701","Sep 2019","YE2515","YE25","SCI","Tuban","Lahj",2019-09-01,1,"South"
"702","Sep 2019","YE2515","YE25","SCI","Tuban","Lahj",2019-09-01,1,"South"
"703","Sep 2019","YE2515","YE25","SCI","Tuban","Lahj",2019-09-01,1,"South"
"704","Sep 2019","YE2515","YE25","SCI","Tuban","Lahj",2019-09-01,1,"South"
"705","Sep 2019","YE2515","YE25","SCI","Tuban","Lahj",2019-09-01,1,"South"
"706","Sep 2019","YE2515","YE25","SCI","Tuban","Lahj",2019-09-01,1,"South"
"707","Sep 2019","YE2515","YE25","SCI","Tuban","Lahj",2019-09-01,1,"South"
"708","Sep 2019","YE2515","YE25","SCI","Tuban","Lahj",2019-09-01,1,"South"
"709","Sep 2019","YE2113","YE21","DRC","Ataq","Shabwah",2019-09-01,1,"South"
"710","Sep 2019","YE2113","YE21","DRC","Ataq","Shabwah",2019-09-01,1,"South"
"711","Sep 2019","YE2113","YE21","DRC","Ataq","Shabwah",2019-09-01,1,"South"
"712","Sep 2019","YE2114","YE21","DRC","Habban","Shabwah",2019-09-01,1,"South"
"713","Sep 2019","YE2114","YE21","DRC","Habban","Shabwah",2019-09-01,1,"South"
"714","Sep 2019","YE2114","YE21","DRC","Habban","Shabwah",2019-09-01,1,"South"
